geoid,countyfp,prc_nonengprof_final,prc_nonengprof_final_unreliable_flag,prc_caraccess_final,prc_caraccess_final_unreliable_flag,prcdisabled_final,prcdisabled_final_unreliable_flag,prc_pov_final,prc_pov_final_unreliable_flag,prc_youth_final,prc_youth_final_unreliable_flag,prc_asian,prc_asian_unreliable_flag,prc_black,prc_black_unreliable_flag,prc_latino,prc_latino_unreliable_flag,prc_white,prc_white_unreliable_flag,cvapdens,cvapdens_unreliable_flag,tot_elignonreg_prc_final,tot_elignonreg_prc_final_unreliable_flag,job_dens,pollvoter_dens,pop10,areakm,popdens,vbm_rate_tot,vbm_rate_lat,vbm_rate_asn,vbm_rate_youth
37093970101,93,0.04398,0,0.96815,0,0.17336,0,0.22125,0,0.0806,0,0.00816,1,0.40776,0,0.15305,0,0.36695,0,0.17329,0,0.51912,0,0.06608,0.0833,8327,48.74197,170.83838,0.66889,0.67258,0.75473,0.62064
37093970102,93,0.06187,0,0.97708,0,0.11816,0,0.1497,0,0.05838,0,0.02413,0,0.29489,0,0.14224,0,0.48963,0,0.23718,0,0.18213,0,0.08682,0.18098,11350,45.25792,250.78486,0.69226,0.65413,0.76935,0.57856
37093970103,93,0.04274,0,0.97474,0,0.1585,0,0.14811,0,0.06642,0,0.02064,0,0.25069,0,0.15625,0,0.50496,0,0.15972,0,0.0813,0,0.02651,0.14858,7549,40.40181,186.84806,0.6943,0.65102,0.74115,0.60941
37093970201,93,0.01661,0,0.96511,0,0.19677,0,0.16972,0,0.06824,0,0.00608,1,0.3372,0,0.03859,0,0.49382,0,0.1153,0,0.48535,0,0.01767,0.1004,4204,136.4932,30.80007,0.48771,0.44695,0.44514,0.41725
37093970202,93,0.03235,0,0.90147,0,0.14942,0,0.21668,0,0.11287,0,0.00605,1,0.35374,0,0.08113,0,0.36432,0,0.07856,0,0.16561,0,0.08337,0.07573,3643,156.84124,23.22731,0.62154,0.57263,0.46424,0.59035
37093970300,93,0.04786,0,0.85371,0,0.2098,0,0.33285,0,0.11945,0,0.01163,1,0.53907,0,0.10859,0,0.25907,0,0.10694,0,0.2746,0,0.68267,0.07473,5125,15.37981,333.229,0.70181,0.51464,0.38361,0.61576
37093970401,93,0.06607,1,0.9373,0,0.19578,0,0.30206,0,0.10865,0,0.00129,1,0.16735,0,0.11766,1,0.33445,0,0.07458,0,0.06668,0,0.02651,0.0891,3710,116.91451,31.73259,0.59615,0.61851,0.56417,0.58324
37093970402,93,0.11052,0,0.90298,0,0.23413,0,0.34062,0,0.09447,0,0.01703,1,0.21626,0,0.20823,0,0.08772,0,0.05443,0,0.0,1,0.0096,0.07752,3044,93.79603,32.4534,0.54814,0.59868,0.47475,0.52164
37093980100,93,,1,,1,,1,,1,,1,,1,,1,,1,,1,0.0,1,0.0,1,0.00077,0.16965,0,362.2156,0.0,0.64115,0.74306,0.65621,0.60145
